FAMILY,SIZE
SE Advantec Sheathing Struct 1,"4x8'-1/2"""
SE Advantec Sheathing Struct 1,"4x8'-5/8"""
PT CDX,"4x8'-1/2"""
PT CDX,"4x8'-3/4"""
PT Southern Yellow Pine Plywood Sheathing,"4x8'-3/4"""
OSB SE,"4x8'-1/2"""
OSB SE,"4x8'-5/8"""
OSB T&G,"4x8'-3/4"""
OSB T&G,"4x8'-5/8"""
CDX T&G - Dryply,"4x8'-3/4"""
OSB T&G - LP TN350,"4x8'-3/4"""
OSB T&G - LP TN250,"4x8'-3/4"""
T&G Advantech,"4x8'-3/4"""
T&G Advantech,"4x8'-5/8"""
CDX SE,"4x8'-1/2"""
CDX SE,"4x8'-3/4"""
CDX SE,"4x8'-5/8"""
Green Zip,"4x8'-7/16"""
Brown Zip,"4x8'-1/2"""
Brown Zip,"4x8'-5/8"""
Green Zip,"4x8'x1""(R-3)"
Green Zip,"4x8'x1-1/2""(R-6)"
Green Zip,"4x8'x2""(R-9)"
Green Zip,"4x8'x2-1/2""(R-12)"
FRT LP Flameblock,"4x8'-1/2"""
FRT CDX,"4x8'-19/32"""
FRT LP Flameblock 2 sides,"4x8'-7/16"""
FRT LP Flameblock 2 sides,"4x8'-1/2"""
FRT PT Plywood,"4x8'-5/8"""
FRT T&G CDX,"4x8'-3/4"""
FRT CDX,"4x8'-3/4"""
EXACOR Magnesium-Oxide,"4x8'-1/2"""
Rigid Insulation,"4x8'x1"""
Rigid Insulation,"4x8'x2"""
Rigid Insulation,"4x8'x2-1/2"""
Marine Plywood,"4x8'-1/2"""
Marine Plywood,"4x8'-1/4"""
Marine Plywood,"4x8'-3/4"""
Marine Plywood,"4x8'-5/8"""
Strapping,"1x3""-8'"
Strapping,"1x3""-12'"
Strapping,"1x3""-16'"
SPF#2,"2x4""-92-5/8"""
SPF#2,"2x4""-8'"
SPF#2,"2x4""-104-5/8"""
SPF#2,"2x4""-10'"
SPF#2,"2x4""-12'"
SPF#2,"2x4""-14'"
SPF#2,"2x4""-16'"
SPF#2,"2x6""-92-5/8"""
SPF#2,"2x6""-8'"
SPF#2,"2x6""-104-5/8"""
SPF#2,"2x6""-10'"
SPF#2,"2x6""-12'"
SPF#2,"2x6""-14'"
SPF#2,"2x6""-16'"
SPF#2,"2x6""-18'"
SPF#2,"2x6""-20'"
SPF#2,"2x8""-8'"
SPF#2,"2x8""-10'"
SPF#2,"2x8""-12'"
SPF#2,"2x8""-14'"
SPF#2,"2x8""-16'"
SPF#2,"2x8""-18'"
SPF#2,"2x8""-20'"
SPF#2,"2x10""-8'"
SPF#2,"2x10""-10'"
SPF#2,"2x10""-12'"
SPF#2,"2x10""-14'"
SPF#2,"2x10""-16'"
SPF#2,"2x10""-18'"
SPF#2,"2x10""-20'"
SPF#2,"2x12""-8'"
SPF#2,"2x12""-10'"
SPF#2,"2x12""-12'"
SPF#2,"2x12""-14'"
SPF#2,"2x12""-16'"
SPF#2,"2x12""-18'"
SPF#2,"2x12""-20'"
PT,"2x4""-8'"
PT,"2x4""-10'"
PT,"2x4""-12'"
PT,"2x4""-14'"
PT,"2x4""-16'"
PT,"2x6""-8'"
PT,"2x6""-10'"
PT,"2x6""-12'"
PT,"2x6""-14'"
PT,"2x6""-16'"
PT,"2x8""-8'"
PT,"2x8""-10'"
PT,"2x8""-12'"
PT,"2x8""-14'"
PT,"2x8""-16'"
PT,"2x10""-8'"
PT,"2x10""-10'"
PT,"2x10""-12'"
PT,"2x10""-14'"
PT,"2x10""-16'"
PT,"2x12""-8'"
PT,"2x12""-10'"
PT,"2x12""-12'"
PT,"2x12""-14'"
PT,"2x12""-16'"
PT,"4x4""-8'"
PT,"4x4""-10'"
PT,"4x4""-12'"
PT,"4x4""-14'"
PT,"4x4""-16'"
PT,"4x8""-12'"
PT,"6x6""-8'"
PT,"6x6""-10'"
PT,"6x6""-12'"
PT,"6x6""-14'"
PT,"6x6""-16'"
OSB Rimboard,"9-1/2""-1'"
OSB Rimboard,"11-7/8""-1'"
OSB Rimboard,"14""-1'"
OSB Rimboard,"16""-1'"
LSL Rimboard,"1-1/4x5-1/2"""
LSL Rimboard,"1-1/4x9-1/2"""
LSL Rimboard,"1-1/4x11-7/8"""
LSL Rimboard,"1-1/4x14"""
LSL Rimboard,"1-1/4x16"""
LSL Rimboard,"1-1/4x18"""
LSL Rimboard,"1-1/4x20"""
LVL PT,"1-3/4x14""-16'"
LVL,"1-3/4x5-1/2"""
LVL,"1-3/4x7-1/2"""
LVL,"1-3/4x9-1/2"""
LVL,"1-3/4x11-7/8"""
LVL,"1-3/4x14"""
LVL,"1-3/4x16"""
LVL,"1-3/4x18"""
LVL,"1-3/4x20"""
LVL,"1-3/4x24"""
LVL,"3-1/2x9-1/2"""
LVL,"3-1/2x11-7/8"""
LVL,"3-1/2x14"""
LVL,"3-1/2x18"""
LVL,"5-1/4x9-1/2"""
LVL,"5-1/4x11-7/8"""
LVL,"5-1/4x14"""
LVL,"7x11-7/8"""
Versa Column,"3-1/2x3-1/2"""
Versa Column,"3-1/2x5-1/4"""
Versa Column,"3-1/2x7"""
Versa Column,"5-1/4x5-1/4"""
Versa Column,"5-1/4x7"""
Versa Column,"7x7"""
NI-60 I-Joists,"2-1/2x11-7/8"""
NI-60 I-Joists,"2-1/2x14"""
NI-60 I-Joists,"2-1/2x16"""
AJS 20 (HP),"2-1/2x9-1/2"""
AJS 20 (HP),"2-1/2x11-7/8"""
AJS 20 (HP),"2-1/2x16"""
AJS 20 (Conc),"2-1/2x9-1/2"""
AJS 20 (Conc),"2-1/2x11-7/8"""
AJS 20 (Conc),"2-1/2x14"""
AJS 20 (Conc),"2-1/2x16"""
AJS 25 (Conc),"3-1/2x9-1/2"""
AJS 25 (Conc),"3-1/2x11-7/8"""
AJS 25 (Conc),"3-1/2x14"""
AJS 25 (Conc),"3-1/2x16"""
Roofing underlayment,"36""x65'"
Roofing underlayment,"36""x75'"
FoamSeal,"3-1/2""x50'"
FoamSeal,"5-1/2""x50'"
FoamSeal,"7-1/2""x50'-6rolls"
Housewrap TYVEK,3'x165'
Housewrap TYVEK,9'x150'
Tape TYVEK,"2""x164'"
Tape DU PONT,"6""x75'-4s"
ZIP Flashing Tape,"3-3/4""x90'"
ZIP Flashing Tape,"3-3/4""x90'_12rolls"
ZIP Flashing Tape,"3-1/4""x75'_12rolls"
ZIP Flashing Tape,"6""x75'-4rolls_WS"
ZIP Flashing Tape,"6""x75'-4rolls_Retail"
ZIP Flashing Tape,"6""x75'"
ZIP Flashing Tape,"12""x50'"
ZIP Stretch Tape,"3""x20'"
ZIP Stretch Tape,"6""x20'"
ZIP Stretch Tape,"6""x75'"
ZIP Stretch Tape,"10""x20'"
ZIP Stretch Tape,"10""x75'"
Aquaflash Aqua Flash 500,"18""x50'"
Construction Adhesive,28oz-ea
Construction Adhesive,28oz-2s
Construction Adhesive,28oz-12s
Epoxy Anchor,8.5oz-ea
Epoxy Anchor,22oz-ea
Clear caulk silicone,10.1oz-ea
Clear caulk silicone,10.1oz-12s
Collated Staples,"3/8x3/8"""
singles 10/10 Utility,Shim
Bright Common Coil,12D-3-1/4x.120-2.5M
Bright Ring Coil,8D-2-3/8x.113-2.7M
Galvanized Common Coil,"12D-3-1/4"""
Galvanized Ring Coil,"8D-2-3/8"""
Galvanized Hanger Nail,"1.5x0.131""-1k"
Drive Pins with Washers (F+),"2""-100s"
Drive Pins with Washers (F+),"2-1/2""-100s"
Drive Pins with Washers (F+),"2-7/8""-100s"
Drive Pins with Washers (HD),"2-1/2""-100s"
Drive Pins with Washers (HD),"3""-100s"
Galvanized,"Hilti_X-U_1-1/4"""
Galvanized,"Hilti_X-U_2-7/8"""""
1lb Roofing Nails,"1-1/2"""
5lb Roofing Nails,"1-1/2"""
30lb Roofing Nails,"1-1/2"""
50lb Roofing Nails,"1-1/2"""
1lb Roofing Nails,"2"""
5lb Roofing Nails,"2"""
Roofing Nails,"2-1/2"""
Coating Screw Connector,"1/4x2-1/2""-25u"
Coating Screw Connector,"1/4x3-1/2""-125u"
Coating Screw Connector,"1/4x4-1/2""-10u"
Coating Screw Connector,"1/4x5""-100u"
Coating Screw Connector,"1/4""x6""-100u"
Galvanized Titen HD Screw Anchor,"1/2x8""-20u"
Galvanized Screws,"#9x2-1/2""-100u"
Galvanized Screws,"#9x1-1/2""-500u"
50lf Cortex Screws and plugs,"2"""
50lf Cortex Screws and plugs,"2-3/4"""
LedgerLOK Structural Ledger Board Screw (50 Pack),"4-1/4""Screw"
LedgerLOK Structural Ledger Board Screw (50 Pack),"5""Screw"
LedgerLOK Structural Ledger Board Screw (50 Pack),"6""Screw"
Screw_OrangeZinc,"0.152""x6""-50u"
Subfloor Screws Yellow Zinc,"1-3/4"""
Galvanized,HDU2-SDS2.5
Metal,HDU2-SDS2.5
Galvanized,HDU4-SDS2.5
Metal,HDU4-SDS2.5
Galvanized,HDU5-SDS2.5
Metal,HDU5-SDS2.5
Galvanized,HDU8-SDS2.5
Metal,HDU8-SDS2.5
Galvanized,HDU11-SDS2.5
Metal,HDU11-SDS2.5
Galvanized,HDU14-SDS2.5
Metal,HDU14-SDS2.5
18 Gauge,STC_Clip
18 Gauge,HTC4
18 Gauge,DTC
Galvanized,A21
Galvanized,A34
Angle Galvanized (F+),A35
Angle Galvanized (HD),A35
Angle Gusset,"GA2_3-1/4"""
Angle Gusset,"GA2_2-3/4"""
Angle Galvanized (F+),L30
Angle Galvanized (HD),L30
Angle Galvanized,L50
Angle Galvanized (F+),L70
Angle Galvanized (HD),L70
Angle Galvanized,L90
Angle Zmax,L50Z
Angle Zmax,L70Z
Angle Zmax,L90Z
Retrofit Bolt Galvanized,"1/2X5"""
Retrofit Bolt Galvanized,"1/2X6"""
Retrofit Bolt Galvanized,"1/2X7"""
Retrofit Bolt Galvanized,"1/2X8""-2s"
Retrofit Bolt Galvanized,"1/2X10"""
Retrofit Bolt Galvanized,"5/8X5"""
Retrofit Bolt Galvanized,"5/8X8""-2s"
Retrofit Bolt Galvanized,"5/8X10"""
Retrofit Bolt Galvanized,"5/8X12""-2s"
Retrofit Bolt Galvanized,"5/8X16"""
Retrofit Bolt Galvanized,"3/4X10-1/2"""
AnchorL-Bolt_Pre-AssemblyHDG,"5/8""-11x14"""
Anchor Bolt Pre-Assembly Galvanized,"1/2X12"""
Anchor Bolt Pre-Assembly Galvanized,"1/2X18"""
Anchor Bolt Pre-Assembly Galvanized,"1/2X24"""
Anchor Bolt Pre-Assembly Galvanized,"5/8X12"""
Anchor Bolt Pre-Assembly Galvanized,"5/8X18"""
Anchor Bolt Pre-Assembly Galvanized,"5/8X24"""
Anchor Bolt Pre-Assembly Galvanized,"5/8X30"""
Anchor Bolt Pre-Assembly Galvanized,"5/8X36"""
Anchor Bolt Pre-Assembly Galvanized,"3/4X12"""
Anchor Bolt Pre-Assembly Galvanized,"3/4X18"""
Anchor Bolt Pre-Assembly Galvanized,"3/4X24"""
Anchor Bolt Pre-Assembly Galvanized,"3/4X30"""
Anchor Bolt Pre-Assembly Galvanized,"3/4X36"""
Hex Galvanized A325,"1/2X2"""
Hex Galvanized A325,"1/2X3"""
Hex Galvanized A325,"1/2X4"""
Hex Galvanized A325,"1/2X5"""
Hex Galvanized A325,"5/8X2"""
Hex Galvanized A325,"5/8X3"""
Hex Galvanized A325,"5/8X4"""
Hex Galvanized A325,"5/8X5"""
Hex Galvanized A325,"3/4X2"""
Hex Galvanized A325,"3/4X4"""
Hex Galvanized A325,"3/4X5"""
Hex Galvanized A325,"3/4X6"""
Hex Head Lag Bolt Galvanized,"5/16""-9x4"""
Hex Head Lag Bolt Galvanized,"1/2""-6x4-1/2"""
PSCL Clip,"5/8""-50s"
PSCL Clip,"5/8""-250s"
Galvanized,"HGU5.5x-16"""
Galvanized,"HHGU5.5x-16"""
Galvanized,HHUS5.50/10
Galvanized,HTU210
Galvanized,HU1.81/5
Galvanized,HU210
Galvanized,HU210-2
Galvanized,HU210-3
Galvanized,HU212
Galvanized,HU212-2
Galvanized,HU212-3
Galvanized,HU214
Galvanized,HU214-2
Galvanized,HU214-3
Galvanized,HU216
Galvanized,HU216-2
Galvanized,HU216-3
Galvanized,HU26
Galvanized,HU26-2
Galvanized,HU26-3
Galvanized,HU28
Galvanized,HU28-2
Galvanized,HU28-4
Galvanized,HUC210-2
Galvanized,HUC210-3
Galvanized,HUC210-4
Galvanized,HUC212-2
Galvanized,HUC212-3
Galvanized,HUC26-2
Galvanized,HUC26-3
Galvanized,HUC28-2
Galvanized,HUC28-4
Galvanized,HUCQ1.81/11
Galvanized,HUCQ412-SDS
Galvanized,HUCQ612-SDS
Galvanized,HUCQ612Z-SDS
Galvanized,HUC44
Galvanized,HU9
Galvanized,HUS1.81/10
Galvanized,HUS210
Galvanized,HUS212-2
Galvanized,HUS26
Galvanized,HUS26-2
Galvanized,HUS28
Galvanized,HUS28-2
Galvanized,HUS412
Zmax,LRU26Z
Zmax,LRU28Z
Zmax,LRU210Z
Zmax,LRU212Z
Galvanized,LSCZ
Zmax,LSSJ210LZ
Zmax,LSSJ210RZ
Zmax,LSSJ26LZ
Zmax,LSSJ26RZ
Zmax,LSSJ28LZ
Zmax,LSSJ28RZ
Zmax,LSSR1.81Z
Zmax,LSSR2.1Z
Zmax,LSSR2.3Z
Zmax,LSSR2.56Z
Zmax,LSSR210-2Z
Zmax,LSSR210Z
Zmax,LSSR26Z
Zmax,LSSR28Z
Zmax,LSSR410Z
Galvanized,LU210
Galvanized,LU26
Galvanized,LU26-I
Galvanized,LU28
Galvanized,LUS24
Galvanized,LUS210
Galvanized,LUS210-2
Galvanized,LUS210-3
Galvanized,LUS26
Galvanized,LUS26-3
Galvanized,LUS28
Galvanized,LUS28-2
Galvanized,LUS28-3
Zmax,LUS28-3Z
Galvanized,MIU3.56/11
Galvanized,THA213
Galvanized,THA218
Galvanized,THA218-2
Galvanized,THA222-2
Galvanized,THA413
Galvanized,THA418
Galvanized,THA422
Galvanized,THA422-2
Galvanized,THA426
Galvanized,THA426-2
Galvanized,THAI1.81/22
Galvanized,THAI2.06/22
Galvanized,THAI2.1/22
Galvanized,THAI222
Galvanized,THAI322
Galvanized,THAI3522
Galvanized,THAI422
Galvanized,THAI5.13/21
Galvanized,U26
Galvanized,U26-2
Galvanized,U26-3
Galvanized,IUS2.37/14
Galvanized,IUS2.56/11.88
Galvanized,IUS3.56/9.5
Galvanized,ITS2.06/11.88
Galvanized,ITS3.56/9.5
Tension Tie Zmax,DTT2Z
Strap/Tension Tie Galvanized,CMST12x40'
Strap/Tension Tie Galvanized,CMSTC16x54'
Strap/Tension Tie Galvanized,"CS16-16""x150'"
Galvanized,CS20(250')
Galvanized,CS20(25')
Stud Plate Tie Galvanized,DSP
Strap/Tension Tie Galvanized,"HTT4_12-3/8"""
Strap/Tension Tie Galvanized,"HTT5-16"""
Galvanized,LTP4
Strap/Tension Tie Galvanized,"LSTA15-15"""
Strap/Tension Tie Galvanized,"LSTA21-21"""
Strap/Tension Tie Galvanized,"LSTA36-36"""
Strap/Tension Tie Galvanized,"MSTC28_28-1/4"""
Strap/Tension Tie Galvanized,"MTS12-12"""
Galvanized,MSTCM40
Strap/Tension Tie Galvanized,TSP
Galvanized,H1A
Galvanized,H2A
Galvanized,H2.5A
Galvanized,H2.5T-2s
Galvanized,H3-2s
Galvanized,H6-2s
Galvanized,H8
Galvanized,H10A
Galvanized,H10A-2
Galvanized,H10AR
Galvanized,H16
Galvanized,H16-2S
Galvanized,H16-2
Galvanized,HGA10KT-10s
Galvanized,HGA10KTHDG-10s
Nut A563 Galvanized,"3/8"""
Nut A563 Galvanized,"1/2"""
Nut A563 Galvanized,"5/8"""
Nut A563 Galvanized,"3/4"""
Nut A563 Galvanized,"7/8"""
Nut A563 Galvanized,"1"""
Nut A563 Galvanized,"1-1/4"""
Nut A563 Galvanized,"1-1/2"""
Washer Flat Galvanized,"1/4"""
Washer Flat Galvanized,"5/16"""
Washer Flat Galvanized,"3/8"""
Washer Flat Galvanized,"1/2"""
Washer Flat Galvanized,"5/8"""
Washer Flat Galvanized,"3/4"""
Washer Flat Galvanized,"7/8"""
Washer Flat Galvanized,"1"""
Washer Flat Galvanized,"1-1/4"""
Washer Flat Galvanized,"1-1/2"""
Post Base Adjustable Zmax,ABA44Z
Post Base Adjustable Zmax,ABA46Z
Post Base Adjustable Zmax,ABA66Z
Post Base Adjustable Zmax,ABA44-2Z
Post Base Adjustable Zmax,ABU44Z
Post Base Adjustable Zmax,ABU46Z
Post Base Adjustable Zmax,ABU5-5Z
Post Base Adjustable Zmax,ABU66Z
Post Base Adjustable Zmax,ABU88Z
Post Base Adjustable Zmax,ABU1010Z
Post Base Adjustable Zmax,ABU1212Z
Post Base Half Galvanized,BC40
Post Base Half Galvanized,BC60
Column Base G90 Galvanized,CB66
Post Base Retrofit Zmax,RPBZ
Post Base Galvanized,PB44R
Post Base Galvanized,PB66R
Post Base Galvanized,PB44
Post Base Galvanized,PB46
Post Base Galvanized,PB66
Post Base Galvanized,PBS46
Post Base Galvanized,PBS66
Post Cap Adjustable Zinc Galvanized,AC4
Post Cap Adjustable Galvanized,AC6-2s
Post Cap Galvanized,BC4
Post Cap Galvanized,BC46
Post Cap Galvanized,BC6
Post Cap Galvanized,BC8
Post Cap Galvanized,BCS2-3/6
Post Cap Galvanized,LCE4
Post Cap Zmax,LCE4Z
Post Cap Zmax,LPC6Z
Column Cap Gray Paint,CCQ44
Column Cap Gray Paint,CCQ46
Column Cap Gray Paint,CCQ48
Column Cap Gray Paint,CCQ64
Column Cap Gray Paint,CCQ66
Column Cap Gray Paint,CCQ68
Column Cap End Gray Paint,ECCQ44
Column Cap End Gray Paint,ECCQ46
Column Cap End Gray Paint,ECCQ48
Column Cap End Galvanized,ECCQ48
Column Cap End Galvanized,ECCQ64
Column Cap End Gray Paint,ECCQ66
Column Cap End Gray Paint,ECCQ68
Column Cap L-Shaped Gray Paint,ECCLR444
Column Cap L-Shaped Gray Paint,ECCLR666
Column Cap L-Shaped Gray Paint,ECCLRQ444
Column Cap L-Shaped Gray Paint,ECCLRQ464
Column Cap L-Shaped Gray Paint,ECCLRQ666
Column Cap L-Shaped Gray Paint,ECCLLQ444
Column Cap L-Shaped Gray Paint,ECCLLQ464
Column Cap L-Shaped Gray Paint,ECCLLQ666
Threaded Rod A307 Galvanized,"3/8""-1'"
Threaded Rod A307 Galvanized,"3/8""-1.5'"
Threaded Rod A307 Galvanized,"3/8""-2'"
Threaded Rod A307 Galvanized,"3/8""-3'"
Threaded Rod A307 Galvanized,"3/8""-4'"
Threaded Rod A307 Galvanized,"3/8""-5'"
Threaded Rod A307 Galvanized,"3/8""-6'"
Threaded Rod A307 Galvanized,"3/8""-8'"
Threaded Rod A307 Galvanized,"3/8""-10'"
Threaded Rod A307 Galvanized,"3/8""-12'"
Threaded Rod A307 Galvanized,"1/2""-1'"
Threaded Rod A307 Galvanized,"1/2""-1.5'"
Threaded Rod A307 Galvanized,"1/2""-2'"
Threaded Rod A307 Galvanized,"1/2""-3'"
Threaded Rod A307 Galvanized,"1/2""-4'"
Threaded Rod A307 Galvanized,"1/2""-5'"
Threaded Rod A307 Galvanized,"1/2""-6'"
Threaded Rod A307 Galvanized,"1/2""-8'"
Threaded Rod A307 Galvanized,"1/2""-10'"
Threaded Rod A307 Galvanized,"1/2""-12'"
Threaded Rod A307 Galvanized,"5/8""-1'"
Threaded Rod A307 Galvanized,"5/8""-1.5'"
Threaded Rod A307 Galvanized,"5/8""-2'"
Threaded Rod A307 Galvanized,"5/8""-3'"
Threaded Rod A307 Galvanized,"5/8""-4'"
Threaded Rod A307 Galvanized,"5/8""-5'"
Threaded Rod A307 Galvanized,"5/8""-6'"
Threaded Rod A307 Galvanized,"5/8""-8'"
Threaded Rod A307 Galvanized,"5/8""-10'"
Threaded Rod A307 Galvanized,"5/8""-12'"
Threaded Rod A307 Galvanized,"3/4""-1'"
Threaded Rod A307 Galvanized,"3/4""-1.5'"
Threaded Rod A307 Galvanized,"3/4""-2'"
Threaded Rod A307 Galvanized,"3/4""-3'"
Threaded Rod A307 Galvanized,"3/4""-4'"
Threaded Rod A307 Galvanized,"3/4""-5'"
Threaded Rod A307 Galvanized,"3/4""-6'"
Threaded Rod A307 Galvanized,"3/4""-8'"
Threaded Rod A307 Galvanized,"3/4""-10'"
Threaded Rod A307 Galvanized,"3/4""-12'"
Threaded Rod A307 Galvanized,"7/8""-1'"
Threaded Rod A307 Galvanized,"7/8""-1.5'"
Threaded Rod A307 Galvanized,"7/8""-2'"
Threaded Rod A307 Galvanized,"7/8""-3'"
Threaded Rod A307 Galvanized,"7/8""-4'"
Threaded Rod A307 Galvanized,"7/8""-5'"
Threaded Rod A307 Galvanized,"7/8""-6'"
Threaded Rod A307 Galvanized,"7/8""-8'"
Threaded Rod A307 Galvanized,"7/8""-10'"
Threaded Rod A307 Galvanized,"7/8""-12'"
Threaded Rod A307 Galvanized,"1""-1'"
Threaded Rod A307 Galvanized,"1""-1.5'"
Threaded Rod A307 Galvanized,"1""-2'"
Threaded Rod A307 Galvanized,"1""-3'"
Threaded Rod A307 Galvanized,"1""-4'"
Threaded Rod A307 Galvanized,"1""-5'"
Threaded Rod A307 Galvanized,"1""-6'"
Threaded Rod A307 Galvanized,"1""-8'"
Threaded Rod A307 Galvanized,"1""-10'"
Threaded Rod A307 Galvanized,"1""-12'"
PVC Trim (V),"1x2""-8'"
PVC Trim (V),"1x3""-8'"
PVC Trim (V),"1x4""-8'"
PVC Trim (V),"1x6""-8'"
PVC Trim (V),"1x8""-8'"
PVC Trim (V),"1x10""-8'"
PVC Trim (V),"1x12""-8'"
Concrete column w/2plates,"3-1/2""x10'"
Concrete column w/2plates,"3-1/2""x12'"
Concrete column w/2plates,"4""x10'"
Concrete column w/2plates,"4""x12'"
Douglas Fir #2,"2x4""-8'"
Douglas Fir #2,"2x4""-10'"
Douglas Fir #2,"2x4""-12'"
Douglas Fir #2,"2x4""-14'"
Douglas Fir #2,"2x4""-16'"
Douglas Fir #2,"2x4""-20'"
Douglas Fir #2,"2x6""-8'"
Douglas Fir #2,"2x6""-10'"
Douglas Fir #2,"2x6""-12'"
Douglas Fir #2,"2x6""-14'"
Douglas Fir #2,"2x6""-16'"
Douglas Fir #2,"2x6""-20'"
Douglas Fir #2,"2x8""-8'"
Douglas Fir #2,"2x8""-10'"
Douglas Fir #2,"2x8""-12'"
Douglas Fir #2,"2x8""-14'"
Douglas Fir #2,"2x8""-16'"
Douglas Fir #2,"2x8""-24'"
Douglas Fir #2,"2x10""-8'"
Douglas Fir #2,"2x10""-10'"
Douglas Fir #2,"2x10""-12'"
Douglas Fir #2,"2x10""-14'"
Douglas Fir #2,"2x10""-16'"
Douglas Fir #2,"2x12""-8'"
Douglas Fir #2,"2x12""-10'"
Douglas Fir #2,"2x12""-12'"
Douglas Fir #2,"2x12""-14'"
Douglas Fir #2,"2x12""-16'"
Fire Rated Lumber,"2x4""-12'"
Fire Rated Lumber,"2x4""-16'"
Fire Rated Lumber,"2x6""-10'"
Fire Rated Lumber,"2x6""-12'"
Fire Rated Lumber,"2x6""-16'"
Fire Rated Lumber,"2x8""-12'"
Fire Rated Lumber,"2x8""-16'"
Fire Rated Lumber,"2x10""-12'"
Fire Rated Lumber,"2x10""-16'"
Fire Rated Lumber,"2x12""-12'"
Fire Rated Lumber,"2x12""-16'"
Glulam-(Concord),"5-1/2""x9-1/2"""
Glulam-(Concord),"5-1/2""X10-1/2"""
Glulam-(Concord),"5-1/2""x11-7/8"""
Glulam-(Concord),"5-1/2""x13-1/2"""
Glulam-(Concord),"5-1/2""x18"""
Glulam-(Concord),"5-1/2""x19-1/2"""
Glulam-(Concord),"5-1/2""x21"""
Glulam-(Concord),"5-1/2""x22"""
Glulam-(Concord),"5-1/2""x24"""
Glulam-(Concord),"5-1/2""x28"""
Glulam-(Concord),"6-3/4""x19-1/2"""
Glulam-(Concord),"6-3/4""x22"""
Glulam-(PowerBeamsAFP),"3-1/2x9-1/2""-1'"
Glulam-(PowerBeamsAFP),"3-1/2x11-7/8""-1'"
Glulam-(PowerBeamsAFP),"3-1/2x14""-1'"
Glulam-(PowerBeamsAFP),"3-1/2x16""-1'"
Glulam-(PowerBeamsAFP),"3-1/2x18""-1'"
Glulam-(PowerBeamsAFP),"5-1/2x9-1/2""-1'"
Glulam-(PowerBeamsAFP),"5-1/2x11-7/8""-1'"
Glulam-(PowerBeamsAFP),"5-1/2x14""-1'"
Glulam-(PowerBeamsAFP),"5-1/2x16""-1'"
Glulam-(PowerBeamsAFP),"5-1/2x18""-1'"
Glulam-(PowerBeamsAFP),"7x9-1/2""-1'"
Glulam-(PowerBeamsAFP),"7x11-7/8""-1'"
Glulam-(PowerBeamsAFP),"7x14""-1'"
Glulam-(PowerBeamsAFP),"7x16""-1'"
Glulam-(PowerBeamsAFP),"7x18""-1'"
Glulam-(PowerColumnsAFP),"3-1/2x3-1/2""-1'"
Glulam-(PowerColumnsAFP),"3-1/2x5-1/2""-1'"
Glulam-(PowerColumnsAFP),"3-1/2x7""-1'"
Glulam-(PowerColumnsAFP),"5-1/2x5-1/2""-1'"
Glulam-(PowerColumnsAFP),"5-1/2x7""-1'"
Glulam-(PowerColumnsAFP),"7x7""-1'"
Glulam-(PowerPreservedBeamsAFP),"3-1/2x9-1/2""-1'"
Glulam-(PowerPreservedBeamsAFP),"3-1/2x11-7/8""-1'"
Glulam-(PowerPreservedBeamsAFP),"5-1/4x9-1/2""-1'"
Glulam-(PowerPreservedBeamsAFP),"5-1/4x11-7/8""-1'"
Glulam-(PowerPreservedBeamsAFP),"5-1/4x14""-1'"
Glulam-(PowerPreservedBeamsAFP),"5-1/4x16""-1'"
Glulam-(PowerPreservedColumnAFP),"5-1/4x5-1/2""-1'"
SYP#1,"2x4""-8'"
SYP#1,"2x4""-10'"
SYP#1,"2x4""-12'"
SYP#1,"2x4""-14'"
SYP#1,"2x4""-16'"
SYP#1,"2x6""-8'"
SYP#1,"2x6""-10'"
SYP#1,"2x6""-12'"
SYP#1,"2x6""-14'"
SYP#1,"2x6""-16'"
SYP#1,"2x8""-8'"
SYP#1,"2x8""-10'"
SYP#1,"2x8""-12'"
SYP#1,"2x8""-14'"
SYP#1,"2x8""-16'"
SYP#1,"2x8""-18'"
SYP#1,"2x8""-20'"
SYP#1,"2x10""-8'"
SYP#1,"2x10""-10'"
SYP#1,"2x10""-12'"
SYP#1,"2x10""-14'"
SYP#1,"2x10""-16'"
SYP#1,"2x10""-18'"
SYP#1,"2x10""-20'"
SYP#1,"2x12""-8'"
SYP#1,"2x12""-10'"
SYP#1,"2x12""-12'"
SYP#1,"2x12""-14'"
SYP#1,"2x12""-16'"
SYP#1,"2x12""-18'"
SYP#1,"2x12""-20'"
SYP#2,"2x4""-8'"
SYP#2,"2x4""-10'"
SYP#2,"2x4""-12'"
SYP#2,"2x4""-14'"
SYP#2,"2x4""-16'"
SYP#2,"2x6""-8'"
SYP#2,"2x6""-10'"
SYP#2,"2x6""-12'"
SYP#2,"2x6""-14'"
SYP#2,"2x6""-16'"
SYP#2,"2x8""-8'"
SYP#2,"2x8""-10'"
SYP#2,"2x8""-12'"
SYP#2,"2x8""-14'"
SYP#2,"2x8""-16'"
SYP#2,"2x8""-18'"
SYP#2,"2x8""-20'"
SYP#2,"2x10""-8'"
SYP#2,"2x10""-10'"
SYP#2,"2x10""-12'"
SYP#2,"2x10""-14'"
SYP#2,"2x10""-16'"
SYP#2,"2x10""-18'"
SYP#2,"2x10""-20'"
SYP#2,"2x12""-8'"
SYP#2,"2x12""-10'"
SYP#2,"2x12""-12'"
SYP#2,"2x12""-14'"
SYP#2,"2x12""-16'"
SYP#2,"2x12""-18'"
SYP#2,"2x12""-20'"
LSL/LVL Stud,"2x4""-8'"
LSL/LVL Stud,"2x4""-10'"
LSL/LVL Stud,"2x4""-12'"
LSL/LVL Stud,"2x4""-16'"
LSL/LVL Stud,"2x4""-20'"
LSL/LVL Stud,"2x6""-8'"
LSL/LVL Stud,"2x6""-10'"
LSL/LVL Stud,"2x6""-12'"
LSL/LVL Stud,"2x6""-16'"
LSL/LVL Stud,"2x6""-20'"
LSL/LVL Stud,"2x6""-24'"
Glass Vinyl Fin Window,"35.375""x47.25""American_Craftsman"
Stick Nails,12d-Metabo
Ring Shank Stick Nails,8d-Metabo
Double Barrier Coating 50 Pack,SDWS22400D
Galvanized,MSTI60
Galvanized,LTS12
Galvanized,JB212A
Galvanized,JB28
Galvanized,MSTI36
Conquest Structural Screw,"0.275x5"""
Conquest A325 Hex Structural Bolt,"3/4""x2-3/4"""
Conquest A307 Hex Bolt Hot Dip Galvanized,"1/2""x7"""
Conquest A307 Hex Bolt Hot Dip Galvanized,"1/2""x12"""
OSB STHG Dryguard T&G,"4x8'-19/32"""
CDX RS Flamepro Fire Treated,"4x8'-1/2"""
Galvanized,HDUE3-SDS3
Galvanized,HDUE5-SDS3
Galvanized,HDUE7-SDS3
ATR5,"5/8"""
Conquest A325 Hex Structural Bolt,"1/2""x4"""
Double Barrier Coating 50 Pack,SDWS22600DB-R50
Galvanized,JB210A
"Densglass (40 sheets per unit, full units only)","4x8'-5/8"""
Stainless Steel Screw (350),"1-5/8"""
Top Flange Galvanized,HB5.50/11.88
Galvanized,HU212-2TF
PL PSL,"5-1/4""x16"""
PL PSL,"5-1/4""x14"""
Zinc Titen HD Screw Anchor,"1/2""x15"""
Galvanized,HU11